1,United States,https://en.wikipedia.org/wiki/United_States,254,11985
2,Donald Trump,https://en.wikipedia.org/wiki/Donald_Trump,243,15914
3,Elizabeth II,https://en.wikipedia.org/wiki/Elizabeth_II,198,8792
4,India,https://en.wikipedia.org/wiki/India,165,11015
5,Barack Obama,https://en.wikipedia.org/wiki/Barack_Obama,161,13017
6,Cristiano Ronaldo,https://en.wikipedia.org/wiki/Cristiano_Ronaldo,151,10913
7,World War II,https://en.wikipedia.org/wiki/World_War_II,145,13239
8,United Kingdom,https://en.wikipedia.org/wiki/United_Kingdom,144,14509
9,Michael Jackson,https://en.wikipedia.org/wiki/Michael_Jackson,142,13750
10,Elon Musk,https://en.wikipedia.org/wiki/Elon_Musk,135,12167
12,Lady Gaga,https://en.wikipedia.org/wiki/Lady_Gaga,129,10864
12,Adolf Hitler,https://en.wikipedia.org/wiki/Adolf_Hitler,129,12611
14,Eminem,https://en.wikipedia.org/wiki/Eminem,127,16086
15,Lionel Messi,https://en.wikipedia.org/wiki/Lionel_Messi,125,10659
16,Game of Thrones,https://en.wikipedia.org/wiki/Game_of_Thrones,122,11376
17,World War I,https://en.wikipedia.org/wiki/World_War_I,121,13139
18,The Beatles,https://en.wikipedia.org/wiki/The_Beatles,116,15410
19,Justin Bieber,https://en.wikipedia.org/wiki/Justin_Bieber,114,13587
20,Canada,https://en.wikipedia.org/wiki/Canada,113,10020
20,Freddie Mercury,https://en.wikipedia.org/wiki/Freddie_Mercury,113,9683
22,Kim Kardashian,https://en.wikipedia.org/wiki/Kim_Kardashian,111,5908
23,Johnny Depp,https://en.wikipedia.org/wiki/Johnny_Depp,109,10625
24,Steve Jobs,https://en.wikipedia.org/wiki/Steve_Jobs,108,12454
24,Dwayne Johnson,https://en.wikipedia.org/wiki/Dwayne_Johnson,108,10889
26,Michael Jordan,https://en.wikipedia.org/wiki/Michael_Jordan,107,10098
26,Australia,https://en.wikipedia.org/wiki/Australia,107,9398
28,List of presidents of the United States,https://en.wikipedia.org/wiki/List_of_presidents_of_the_United_States,104,418
29,The Big Bang Theory,https://en.wikipedia.org/wiki/The_Big_Bang_Theory,103,6715
30,Taylor Swift,https://en.wikipedia.org/wiki/Taylor_Swift,102,9700
31,Stephen Hawking,https://en.wikipedia.org/wiki/Stephen_Hawking,101,9186
31,List of highest-grossing films,https://en.wikipedia.org/wiki/List_of_highest-grossing_films,101,5581
33,China,https://en.wikipedia.org/wiki/China,100,13759
34,Russia,https://en.wikipedia.org/wiki/Russia,96,13368
34,New York City,https://en.wikipedia.org/wiki/New_York_City,96,14795
34,Japan,https://en.wikipedia.org/wiki/Japan,96,7927
34,Kanye West,https://en.wikipedia.org/wiki/Kanye_West,96,9735
38,List of Marvel Cinematic Universe films,https://en.wikipedia.org/wiki/List_of_Marvel_Cinematic_Universe_films,95,4440
38,Abraham Lincoln,https://en.wikipedia.org/wiki/Abraham_Lincoln,95,14703
40,LeBron James,https://en.wikipedia.org/wiki/LeBron_James,94,15150
40,Charles III,https://en.wikipedia.org/wiki/Charles_III,94,9197
40,Darth Vader,https://en.wikipedia.org/wiki/Darth_Vader,94,6264
40,Star Wars,https://en.wikipedia.org/wiki/Star_Wars,94,6684
40,Miley Cyrus,https://en.wikipedia.org/wiki/Miley_Cyrus,94,11444
40,Germany,https://en.wikipedia.org/wiki/Germany,94,8469
40,September 11 attacks,https://en.wikipedia.org/wiki/September_11_attacks,94,14843
47,Leonardo DiCaprio,https://en.wikipedia.org/wiki/Leonardo_DiCaprio,93,8576
48,Kobe Bryant,https://en.wikipedia.org/wiki/Kobe_Bryant,92,14831
48,Selena Gomez,https://en.wikipedia.org/wiki/Selena_Gomez,92,12272
50,Joe Biden,https://en.wikipedia.org/wiki/Joe_Biden,91,13786
50,Tom Cruise,https://en.wikipedia.org/wiki/Tom_Cruise,91,5458
50,Rihanna,https://en.wikipedia.org/wiki/Rihanna,91,10756
50,Albert Einstein,https://en.wikipedia.org/wiki/Albert_Einstein,91,12705
50,Academy Awards,https://en.wikipedia.org/wiki/Academy_Awards,91,7984
55,"Prince Philip, Duke of Edinburgh","https://en.wikipedia.org/wiki/Prince_Philip,_Duke_of_Edinburgh",90,7342
55,Harry Potter,https://en.wikipedia.org/wiki/Harry_Potter,90,9431
55,Elvis Presley,https://en.wikipedia.org/wiki/Elvis_Presley,90,15674
55,The Walking Dead (TV series),https://en.wikipedia.org/wiki/The_Walking_Dead_(TV_series),90,8137
59,Scarlett Johansson,https://en.wikipedia.org/wiki/Scarlett_Johansson,89,7178
59,Lil Wayne,https://en.wikipedia.org/wiki/Lil_Wayne,89,10395
59,Tupac Shakur,https://en.wikipedia.org/wiki/Tupac_Shakur,89,9206
59,Angelina Jolie,https://en.wikipedia.org/wiki/Angelina_Jolie,89,10221
63,Queen Victoria,https://en.wikipedia.org/wiki/Queen_Victoria,88,7223
63,Jeffrey Dahmer,https://en.wikipedia.org/wiki/Jeffrey_Dahmer,88,10903
65,John F. Kennedy,https://en.wikipedia.org/wiki/John_F._Kennedy,87,14903
65,COVID-19 pandemic,https://en.wikipedia.org/wiki/COVID-19_pandemic,87,12470
67,"Diana, Princess of Wales","https://en.wikipedia.org/wiki/Diana,_Princess_of_Wales",86,12364
67,Marilyn Monroe,https://en.wikipedia.org/wiki/Marilyn_Monroe,86,10555
69,Keanu Reeves,https://en.wikipedia.org/wiki/Keanu_Reeves,85,9174
69,Arnold Schwarzenegger,https://en.wikipedia.org/wiki/Arnold_Schwarzenegger,85,11955
69,How I Met Your Mother,https://en.wikipedia.org/wiki/How_I_Met_Your_Mother,85,8217
69,Chernobyl disaster,https://en.wikipedia.org/wiki/Chernobyl_disaster,85,14072
69,France,https://en.wikipedia.org/wiki/France,85,14587
69,Ariana Grande,https://en.wikipedia.org/wiki/Ariana_Grande,85,11446
75,Jennifer Aniston,https://en.wikipedia.org/wiki/Jennifer_Aniston,84,4797
75,Breaking Bad,https://en.wikipedia.org/wiki/Breaking_Bad,84,10019
77,"Meghan, Duchess of Sussex","https://en.wikipedia.org/wiki/Meghan,_Duchess_of_Sussex",83,7773
77,Muhammad Ali,https://en.wikipedia.org/wiki/Muhammad_Ali,83,15143
77,Will Smith,https://en.wikipedia.org/wiki/Will_Smith,83,5434
80,Ted Bundy,https://en.wikipedia.org/wiki/Ted_Bundy,82,12905
80,Pablo Escobar,https://en.wikipedia.org/wiki/Pablo_Escobar,82,8382
80,Mila Kunis,https://en.wikipedia.org/wiki/Mila_Kunis,82,4787
80,Vietnam War,https://en.wikipedia.org/wiki/Vietnam_War,82,16209
80,Mark Zuckerberg,https://en.wikipedia.org/wiki/Mark_Zuckerberg,82,6202
85,Manchester United F.C.,https://en.wikipedia.org/wiki/Manchester_United_F.C.,81,8232
85,William Shakespeare,https://en.wikipedia.org/wiki/William_Shakespeare,81,6942
87,Titanic,https://en.wikipedia.org/wiki/Titanic,80,14627
87,Tom Brady,https://en.wikipedia.org/wiki/Tom_Brady,80,15766
87,Jay-Z,https://en.wikipedia.org/wiki/Jay-Z,80,7813
87,Singapore,https://en.wikipedia.org/wiki/Singapore,80,13122
87,Earth,https://en.wikipedia.org/wiki/Earth,80,8983
87,Bill Gates,https://en.wikipedia.org/wiki/Bill_Gates,80,7921
93,Winston Churchill,https://en.wikipedia.org/wiki/Winston_Churchill,78,15341
93,Bruce Lee,https://en.wikipedia.org/wiki/Bruce_Lee,78,9878
93,Nicki Minaj,https://en.wikipedia.org/wiki/Nicki_Minaj,78,14076
93,Israel,https://en.wikipedia.org/wiki/Israel,78,14727
97,"Princess Margaret, Countess of Snowdon","https://en.wikipedia.org/wiki/Princess_Margaret,_Countess_of_Snowdon",77,9475
97,John Cena,https://en.wikipedia.org/wiki/John_Cena,77,12141
97,Charles Manson,https://en.wikipedia.org/wiki/Charles_Manson,77,11097
97,Ryan Reynolds,https://en.wikipedia.org/wiki/Ryan_Reynolds,77,3430
97,Brad Pitt,https://en.wikipedia.org/wiki/Brad_Pitt,77,6361
97,Vladimir Putin,https://en.wikipedia.org/wiki/Vladimir_Putin,77,19158